{"cameraMode":{"drawMode":0,"name":"Shaded","section":"Shading Mode"},"sceneLighting":true,"audioPlay":false,"sceneViewState":{"showFog":false,"showMaterialUpdate":false,"showSkybox":false,"showFlares":false,"showImageEffects":false,"showParticleSystems":false},"in2DMode":false,"pivot":{"x":13.953693389892579,"y":-5.764070510864258,"z":6.524255752563477},"rotation":{"x":-0.19492168724536897,"y":0.7999467253684998,"z":-0.34750330448150637,"w":-0.4487197697162628},"size":20.6854305267334,"orthographic":false}