{"cameraMode":{"drawMode":0,"name":"Shaded","section":"Shading Mode"},"sceneLighting":false,"audioPlay":false,"sceneViewState":{"showFog":false,"showMaterialUpdate":false,"showSkybox":false,"showFlares":false,"showImageEffects":false,"showParticleSystems":false},"in2DMode":false,"pivot":{"x":-1.8708224296569825,"y":-0.6294269561767578,"z":1.4673423767089844},"rotation":{"x":-0.14653372764587403,"y":0.8128825426101685,"z":-0.23182445764541627,"w":-0.5138368010520935},"size":3.3806440830230715,"orthographic":false}